{
  "alpha": 0.675,
  "delta": 0.05,
  "tfp_growth": 0.007,
  "lh0": -0.002,
  "lh1": 0.45,
  "lh2": -0.12,
  "c0": 0.003,
  "c1": 0.55,
  "c2": -0.15,
  "c3": -0.08,
  "c4": -0.10,
  "c5": 0.85,
  "c6": 0.30,
  "if0": 0.002,
  "if1": 0.35,
  "if2": 0.15,
  "if3": -0.10,
  "if4": 0.20,
  "if5": -0.08,
  "if6": 0.90,
  "ih0": 0.001,
  "ih1": 0.40,
  "ih2": -0.25,
  "ih3": -0.06,
  "ih4": 0.80,
  "w0": 0.002,
  "w1": 0.95,
  "w2": 0.60,
  "w3": -0.50,
  "w4": -0.08,
  "w5": 0.55,
  "pc0": 0.001,
  "pc1": 0.70,
  "pc2": 0.20,
  "pc3": 0.05,
  "pc4": -0.10,
  "pc5": 0.90,
  "pc_vat": 0.38,
  "pif1": 0.60,
  "pif2": 0.30,
  "pif3": -0.08,
  "pih1": 0.50,
  "pih2": 0.25,
  "pih3": -0.06,
  "pig1": 0.55,
  "pig2": 0.25,
  "px1": 0.40,
  "px2": 0.55,
  "px3": -0.12,
  "cost_w": 0.65,
  "cost_pm": 0.35,
  "x0": 0.002,
  "x1": 0.80,
  "x2": -0.30,
  "x3": -0.10,
  "x4": 1.00,
  "x5": -0.50,
  "m0": 0.001,
  "m1": 0.70,
  "m2": 0.20,
  "m3": -0.08,
  "m4": 1.10,
  "m5": 0.40,
  "tax_prog": 1.10,
  "css_emp_rate": 0.30,
  "css_house_rate": 0.13,
  "vat_rate": 0.21,
  "debt_rate": 0.03,
  "auto_stab": 0.50,
  "vig_mult": 0.00022,
  "dth_mult": -0.00008,
  "tgh_mult": 0.20,
  "ng_mult": 0.018,
  "wgrr_mult": 0.08,
  "wr_mult": 0.05,
  "vat_gdp": -0.22,
  "cssemp_gdp": -0.12,
  "csshouse_gdp": -0.07,
  "gdp_persistence": 0.35,
  "okun": -0.30,
  "nairu": 0.08,
  "pop_growth": 0.003,
  "nat_growth": 0.005,
  "pub_emp_share": 0.18,
  "gdp_base": 387.0,
  "k_base": 950.0,
  "tfp_base": 1.0,
  "l_base": 4350.0,
  "nat_base": 4750.0,
  "ng_base": 810.0,
  "c_base": 200.0,
  "if_base": 50.0,
  "ih_base": 22.0,
  "ig_base": 10.0,
  "x_base": 320.0,
  "m_base": 310.0,
  "ydh_base": 210.0,
  "w_base": 38.0,
  "pc_base": 1.0,
  "deficit_base": -0.027,
  "debt_gdp": 1.00,
  "r_nominal": 0.03,
  "world_growth": 0.03,
  "pm_growth": 0.015,
  "pcomp_growth": 0.015
}
